{"x": {"mean": [75454.687, 1049.0157076963117, 32.48604516970754, 13.00207407028412], "scale": [42929.475133438995, 259.715738084955, 7.21572787875297, 6.918151059181646]}, "y": {"power": {"min": [994.0], "max": [128343.0], "range": [127349.0], "scale": [127349.0], "feature_range": [0, 1]}, "nmod": {"min": [1.0], "max": [519.0], "range": [518.0], "scale": [518.0], "feature_range": [0, 1]}, "ninv": {"min": [1.0], "max": [31.0], "range": [30.0], "scale": [30.0], "feature_range": [0, 1]}, "total_ipmd": {"min": [0.002592644033942473], "max": [1.3455822536161435], "range": [1.342989609582201], "scale": [1.342989609582201], "feature_range": [0, 1]}, "total_ipinv": {"min": [8.721437292865864e-06], "max": [0.00426743315272455], "range": [0.0042587117154316845], "scale": [0.0042587117154316845], "feature_range": [0, 1]}, "ipsys": {"min": [0.0027829375426503037], "max": [1.3487988512599858], "range": [1.3460159137173355], "scale": [1.3460159137173355], "feature_range": [0, 1]}}}