{"x": {"mean": [74307.13333333333, 1056.724172296633, 32.63520111938436, 13.169246955093335], "scale": [43085.47963969087, 260.7568666910062, 7.1944427527485235, 6.883954368970799]}, "y": {"power": {"min": [995.0], "max": [128343.0], "range": [127348.0], "scale": [127348.0], "feature_range": [0, 1]}, "nmod": {"min": [2.0], "max": [492.0], "range": [490.0], "scale": [490.0], "feature_range": [0, 1]}, "ninv": {"min": [1.0], "max": [27.0], "range": [26.0], "scale": [26.0], "feature_range": [0, 1]}, "total_ipmd": {"min": [0.003108781665895894], "max": [1.2755808646996967], "range": [1.2724720830338008], "scale": [1.2724720830338008], "feature_range": [0, 1]}, "total_ipinv": {"min": [1.964327807024436e-05], "max": [0.003716796616889124], "range": [0.0036971533388188795], "scale": [0.0036971533388188795], "feature_range": [0, 1]}, "ipsys": {"min": [0.003158602311571462], "max": [1.278663437441712], "range": [1.2755048351301406], "scale": [1.2755048351301406], "feature_range": [0, 1]}}}